<?xml version="1.0" ?>
<!-- 
Manifest template to demonstrate the proper XML namespace declarations for
SCORM 1.2 manifests. 

Provided by Rustici Software - www.scorm.com.
-->
<manifest identifier="Proyecto_Revision_Requisitos" version="1">
	<metadata>
		<schema>ADL SCORM</schema>
		<schemaversion>1.2</schemaversion>
	</metadata>
	<organizations default="B0" isvisible="false">
		<organization identifier="B0" isvisible="false">
			<title isvisible="false">Requirements Testing</title>
			<item identifier="i0" identifierref="r0" isvisible="false">
				<title>Instructions</title> 
			</item>
			<item identifier="i1" identifierref="r1" isvisible="false">
				<title>Exercise</title> 
			</item>
			<item identifier="i2" identifierref="r2" isvisible="false">
				<title>Comp</title> 
			</item>
			<item identifier="i3" identifierref="r3" isvisible="false">
				<title>Grade</title> 
			</item>
		</organization>
	</organizations>
	<resources>
		<resource identifier="r0" type="webcontent" adlcp:scormtype="sco" href="inicio.html" scorm:launch="window">
			<file href="Proyecto_RR.html" />
			<file href="inicio.html" />
		</resource>
		<resource identifier="r1" type="webcontent" adlcp:scormtype="sco" href="Proyecto_RR.html" scorm:launch="window">
			<file href="Proyecto_RR.html" />
			<file href="js/SCORMGeneric.js" />
			<file href="js/documento.js" />
		</resource>
		<resource identifier="r2" type="webcontent" adlcp:scormtype="sco" href="solutionsComp.html" scorm:launch="window">
			<file href="js/comp.js" />
			<file href="solutionsComp.html"/>
		</resource>
		<resource identifier="r3" type="webcontent" adlcp:scormtype="sco" href="grade.html" scorm:launch="window">
			<file href="js/comp.js" />
			<file href="solutionsComp.html"/>
		</resource>
	</resources>
</manifest>



